Author_Username,Tweet_Text,Mentions,Reply_To,Quote_Tweet_Of,Engagement,Sentimen
@SupardinWaly,"Situs Web Masih Jadi Sarang Utama Judi Online di Indonesia: Tantangan dan Upaya Pemberantasan [ Selengkapnya di 
https://
facebook.com/share/p/18nRC5
EVFu/
… ]

#StopJudiOnline #DigitalSafety #Komdigi #ProtectOurChildren #LiterasiDigital #IndonesiaTanpaJudi #PlatformResponsibility #SafeInternet",,,,"Replies: , Retweets: , Likes: ",0
@ANTI_ILEGAL," OFFICIAL ABUSE REPORT | 
@Namecheap

Domains 
http://
skwslots.com and 
http://
skwplay.com are confirmed to be operating as illegal online gambling platforms actively targeting Indonesian citizens.
 Legal Violations:
▸ Article 27(2) of UU ITE No.1/2024 — distributing",@Namecheap,,,"Replies: 1, Retweets: , Likes: ",0
@KompasTV,"Police Raid 2 Locations Suspected of Being Gambling Sites Disguised as Children's Games in Jakarta


https://
kompas.tv/regional/67462
8/polisi-gerebek-2-tempat-yang-diduga-sebagai-lokasi-judi-berkedok-permainan-anak-di-jakarta
…",,,,"Replies: , Retweets: , Likes: 2",0
@telomambu221,"Angka yang mengkhawatirkan sih, sebanyak itu ya ternyata. Capaian komdigi mengenai Pemberantasan Judi Online, langkah yang taktis dan tegas!",,,,"Replies: , Retweets: , Likes: ",1
@lezi_kuwala,"Tugas komdigi:
Memberantas judol 
Memberantas hak bersuara masyarakat ",,,@indepenSumatera,"Replies: , Retweets: , Likes: 1",0
@sospolkw,"Yth pak 
@prabowo
 
Gmn kbrnya pemberantasan judi online pak,kok malah tambah marak aja...
Anda tinggal perintah aja tu Komdigi tuk blokir kok sulit amat.",@prabowo,,,"Replies: , Retweets: 1, Likes: 1",0
@arinta_nada,"Pemberantasan judi online terus diperkuat lewat langkah terukur Komdigi. Bukan hanya memblokir situs, tapi memutus jaringan yang merugikan masyarakat. Pendekatan strategis ini menunjukkan keseriusan negara menjaga ruang digital tetap aman. #KonsistenBerantasJudol",,,,"Replies: , Retweets: , Likes: ",1
@ngecace,"Pak Budi Arie ini ga ada salahnya tapi dicari2 sama pemerintah skrg.
Padahal dirinya adalah pelopor pemberantasan judi online dan koruptor di komdigi..
Dia sengaja menitipkan orang kepeprcayaannya unt membongkar itu semua,lah kok malah mau ditersangkakan",,@DarsAlexandra1,,"Replies: , Retweets: , Likes: ",0
@Monikanihil,Pentingnya Mendukung Pemberantasan Praktik Judi Online. #JudiOnline #Judol #Komdigi #SitusJudi #BandarJudi #IndonesiaEmas,,,,"Replies: , Retweets: 1, Likes: ",0
@BadangSetiawan,"Dukung Pemberantasan Praktik Judi Online
#JudiOnline #Judol #Komdigi #SitusJudi #BandarJudi #IndonesiaEmas",,,,"Replies: , Retweets: , Likes: ",0
@Fatimah81819162,Astagfirullahaladzim...400.000 Pelajar di Bawah Umur 20 th Terpapar Judi Online bukan jumlah sedikit. Presiden Prabowo tlh perintahkan pemberantasan Judol sampai ke akar2nya. Kunci kebijakan ada di Komdigi. Qta brharap  Budi Arie bertgjwb atas maraknya Judol,,,,"Replies: , Retweets: 1, Likes: 2",0
@Vhienaiueo,"Pentingnya Mendukung Pemberantasan Praktik Judi Online

#JudiOnline #Judol #Komdigi #SitusJudi #BandarJudi #IndonesiaEmas",,,,"Replies: 1, Retweets: , Likes: ",0
@3Humas,"Judi online selalu bikin bangkrut karena sistem algoritmanya telah diatur agar bandar selalu menang, sementara pemain dijebak oleh kemenangan semu di awal untuk memicu kecanduan psikologis. Akibat efek manipulasi otak yang terus merasa ""hampir menang"", pecandu akan terjebak dalam",,,,"Replies: , Retweets: , Likes: 1",0
@SuraaaD1979,"Lu lebih percaya Komdigi yang ngasih alasan belibet dalam pemberantasan judi online, atau STEAM yang literally menang di pengadilan melawan Rotschild?",,@pak_erte92,,"Replies: 1, Retweets: , Likes: 2",0
@backproperties,"Demi masa depan yang lebih baik, kita dukung pemberantasan judi online! Lindungi diri dan orang-orang terdekat dari dampak negatifnya  

#IndonesiaBersih #PrabowoBersamaKita #JudiOnline #Judol #Komdigi #SitusJudi #BandarJudi #IndonesiaEmas",,,,"Replies: , Retweets: , Likes: ",1
@LovaHandayani,"Saat ini komdigi sudah sikat 2,4 juta judi online. Bukti komitmen pemerintah dalam menciptakan ruang digital yg sehat dan produktif. Masyarakat sudah semakin lega dgn di gencarnya pemberantasan judol ini #KonsistenBerantasJudol",,,,"Replies: , Retweets: , Likes: ",1
@MatiPocong1,"Judi Online bikin sengsara dan merusak Nalar!!  Karena itulah sangat Penting bagi masyarakat Indonesia untuk Mendukung Penuh Pemberantasan Praktik Judi Online Oleh Pemerintahan Presiden Prabowo Subianto  ini. 

#JudiOnline #Judol #Komdigi #SitusJudi #BandarJudi #IndonesiaEmas",,,,"Replies: , Retweets: , Likes: ",0
@Akomeng6,"Yes!...  Kita kita dukung (Komdigi) melawan tipu-tipu Jud0L.

Kementerian Komunikasi dan Digital mengungkapkan trus menabuh genderang perang terhadap pemberantasan praktik judi online 

#PrabowoMendahulukanRakyat
Dilan Vanessa Deep Seek Ojol Pagiii 
Ubur #2egin4Cantik #TimnasDayp",,,,"Replies: 1, Retweets: 3, Likes: 3",1
@Dewisarita62,"Judi Online bikin sengsara Lur. Karena itulah sangat Penting bagi Kita untuk Mendukung Pemberantasan Praktik Judi Online
Oleh Pemerintahan Presiden Prabowo Subianto 

#JudiOnline #Judol #Komdigi #SitusJudi #BandarJudi #IndonesiaEmas",,,,"Replies: , Retweets: , Likes: ",0
@HarcumTj,Masa depan cerah Indonesia tanpa judi online. Mari kita dukung pemberantasan praktik ini! #JudiOnline #Judol #Komdigi #SitusJudi #BandarJudi #IndonesiaEmas,,,,"Replies: , Retweets: , Likes: ",0
@Harian_Jogja,"Pemberantasan Judi Online, Pemblokiran Disebut Kementerian Komdigi Tidak Manjur",,,,"Replies: , Retweets: , Likes: ",0
@CariSini79113,"Lagi rame banget! POV Warga Komentari Komdigi Blokir Cloudflare Karena Gabisa Berantas Judi Online! Solusinya kok malah blokir platform yang kita pakai buat kerja dan belajar? Fokus utamanya harusnya ke pemberantasan, bukan blokir yang salah sasaran!  #Komdigi #Kominfo #Blokir",,,,"Replies: , Retweets: , Likes: ",0
@25054af33038475,Knp Bu.. untuk memberantas judi online harus melibatkan banyak orang dan banyak organisasi...? Apa nggak cukup dengan polri dan kementerian komdigi..? Sepertinya ibu ini ingin membebankan pemberantasan judi online ini kepada banyak pihak....?,,@geloraco,,"Replies: , Retweets: , Likes: ",0
@Harian_Jogja,"Pemberantasan Judi Online, Pemblokiran Disebut Kementerian Komdigi Tidak Manjur 
https://
ototekno.harianjogja.com/read/2025/07/0
5/503/1219544/pemberantasan-judi-online-pemblokiran-disebut-kementerian-komdigi-tidak-manjur
…",,,,"Replies: , Retweets: , Likes: ",0
@hardiansah82021,"Sebelum bilang sulit diberantas, masyarakat tentu berhak bertanya: apakah pekerjaan Anda sudah baik? Apakah kinerja Komdigi memang benar-benar sudah maksimal? Bagaimana sistem kerja untuk memberantas judi online?

baca-selengkapnya 
https://
affiliasi.online/blog/pemberant
asan-judol-di-indonesia
…
#Indonesia #InfoBandung",,,,"Replies: , Retweets: , Likes: ",0
@jani_jadul,Kolaborasi antar-instansi makin kuat: Meutya Hafid (Komdigi) menegaskan bahwa pemberantasan judi online melibatkan teknologi & lintas sektor untuk dampak sosial yg lebih besar. #KonsistenBerantasJudol,,,,"Replies: , Retweets: , Likes: ",1
@hutapeacpg,"Apresiasi Tingkat tinggi kepada Menkomdigi Meutya Hafid yg menggandeng Polri dalam Pemberantasan Judi Online di Internal Kementerian Komdigi.Langkah Meutya Hafid WAJIB DIIKUTI oleh Para Menteri Kabinet Merah Putih yg lain,yg bekerja secara senyap dan ada hasil kerja tuk rakyat",,,,"Replies: , Retweets: , Likes: ",1
@OposisiCerdas,"Pegawai Komdigi Tersangka Judol, Kok Budi Arie Pernah Dapat Penghargaan Pemberantasan Judi Online? 
https://
oposisicerdas.com/2024/11/pegawa
i-komdigi-tersangka-judol-kok.html
…",,,,"Replies: 6, Retweets: 51, Likes: 68",0
@Capitalisborju,"Ga usah ngibul susah payah deh, 

 Om Bowo, anak buah lu ngibul tuh... 

Masa beginian hrs gw yg ngajarin sih  !!  


https://
inet.detik.com/law-and-policy
/d-8117254/komdigi-ungkap-susah-payah-basmi-judi-online-ajak-warga-ikut-berperan
…

Komdigi mengajak masyarakat berperan dalam pemberantasan judi online.",,,,"Replies: 2, Retweets: , Likes: 3",0
@Bank_Joee_,"Komdigi sebagai portal utama Pemberantasan Judi Online .. 

Komitmen yg harus di dukung semua nya ... 
Lawan dan Berantas Judi Online

Wamen Angga Raka Dorong Pegawai Komdigi Komitmen Ikut Berantas Judi Online 
https://
holopis.com/2024/11/19/wam
en-angga-raka-dorong-pegawai-komdigi-berantas-judi-online/
… lewat 
@holopiscom",@holopiscom,,,"Replies: 1, Retweets: , Likes: 1",1
@beritaKBR,"https://
kbr.id/berita/terbaru
/diperiksa-terkait-judi-online-budi-arie-saya-bantu-polisi
…

""Sebagai warga negara yang taat hukum, saya berkewajiban untuk membantu pihak kepolisian dalam penuntasan pemberantasan kasus judi online di lingkungan Komdigi. Yang kedua pemberantasan judi online merupakan tugas kita bersama sebagai sesama anak bangsa,""",,,,"Replies: , Retweets: , Likes: ",0
@beritaKBR,"Perang terhadap judi online memasuki babak baru dengan terbongkarnya keterlibatan pegawai  Komdigi. Mereka diduga menyalahgunakan wewenang untuk meraup keuntungan. 

Apa tindak lanjutnya? Bagaimana arah pemberantasan judol ke depan? 

BESOK di #RuangPublikKBR bersama 
@CISSReC",@CISSReC,,,"Replies: , Retweets: , Likes: 2",0
@PartaiSocmed,"INFO A99!! 
POLRI has just arrested officials from Komdigi (formerly Kominfo) under the Dirjen APTIKA in connection with online gambling. There are still several others who are currently being hunted down! 
They should be at the forefront of eradicating online gambling but",,,,"Replies: 275, Retweets: 616, Likes: 2.8K",0
@inilahdotcom,"Sebanyak sebelas orang ditangkap terkait kasus judi online, dan yang mengejutkan, sepuluh di antaranya adalah pegawai serta staf ahli di Kementerian Komunikasi dan Digital (Komdigi). Padahal, lembaga ini seharusnya menjadi garda depan dalam pemberantasan judi online di Indonesia!",,,,"Replies: 1, Retweets: 1, Likes: 2",0
@humasjabar,"Judi Online Bikin Bangkrut 

Kementerian Komdigi telah menghapus 7.176 konten yang memuat perjudian online hingga 6 November 2024, sebagai bagian dari upaya pemberantasan judi daring.

#AntiJudiOnline #PemberantasanKontenNegatif #Komdigi #StopJudiOnline #JudiBikinBobol",,,,"Replies: , Retweets: , Likes: ",0
@_hompimpha,"Potret tragedi moral dan krisis nalar di masyarakat kita.

Ini tamparan bagi upaya pemberantasan korupsi. Tanpa adanya sanksi sosial yang tegas dari masyarakat, penjara hanya akan menjadi ""istirahat sejenak"" bagi para koruptor sebelum mereka kembali menikmati privilese sosialnya.",,,@MiskinTV_,"Replies: , Retweets: , Likes: ",0
@UMonline,Platform gagal tangani judi dalam talian boleh didenda RM10 juta,,,,"Replies: , Retweets: 1, Likes: 1",0
@VIVAcoid,"Jelang Piala Dunia 2026, Kapolri Kirim Peringatan Keras untuk Bandar Judi! Satgas Anti Mafia Bola 'Hidup' Lagi",,,,"Replies: , Retweets: , Likes: ",0
@kompascom,"{Thread}

Oknum pegawai Kementerian Komunikasi dan Digital (Komdigi), yang seharusnya menjadi garda terdepan pemberantasan situs judi online, justru menjadi pihak yang menjaganya tetap subur.",,,,"Replies: 16, Retweets: 53, Likes: 140",0
@Ari3Pras,"Semakin meruncing komitmen dari eksekutif dan legislatif thd langkah2 pemberantasan judi online dan pinjaman online, serta membongkar seluruh stake holder yg terlibat.

""Kalau sampai ke mantan menteri ya kita buka sampai ke sana.""

Raker DPR dengan Menteri Komdigi 
@kemkominfo
 ",@kemkominfo,,,"Replies: , Retweets: 2, Likes: 1",0
@kompascom,"Oknum pegawai Komdigi yang seharusnya menjadi garda terdepan pemberantasan situs judi online, justru menjadi pihak yang menjaganya tetap subur. 

~N #Judol #Komdigi #JudiOnlien",,,,"Replies: 81, Retweets: 90, Likes: 184",0
@yoo_jiminae,"Tukan demiAllaah setakut itu gue jadinya dikira seller gabisa jadi korban, seller juga bisa kan jadi korban kek gini salah satunya. Para buyer daripada minta2 identitas instead of proof2 ticket or else, mending skip aja cari seller lain. Asli merinding banget",,,@thhhvoo,"Replies: , Retweets: , Likes: ",0
@ANTI_ILEGAL," OFFICIAL ABUSE REPORT | 
@Namecheap

Domain 
http://
akunsibayaktoto.site is confirmed to be operating as an illegal online gambling platform actively targeting Indonesian citizens.
 Legal Violations:
▸ Article 27(2) of UU ITE No.1/2024 — distributing illegal content
▸ Article",@Namecheap,,,"Replies: 1, Retweets: , Likes: ",0
@HumasJatiasih,"JANGAN BIARKAN JUDOL MENGENDALIKAN DIRIMU

Judi online bukan sekadar hiburan, tetapi ancaman nyata bagi kestabilan finansial dan kehidupan pribadi. jangan sampai terjerat dan kehilangan kendali. Segera laporkan melalui layanan 110 jika menemukan indikasi judi online.",,,,"Replies: , Retweets: , Likes: 1",0
@safenetvoice,"Received a love letter from Komdigi?

SAFEnet and REMOTIVI invite the public to collectively document violations of freedom of expression occurring on social media in the form of warnings from platforms or direct content takedowns.

Come on, join in reporting and documenting",,,,"Replies: 11, Retweets: 6.2K, Likes: 7.4K",0
@PPATK,"Hai #FIUtizen

Mekanisme judi online dirancang untuk membuat pemain terus terlibat tanpa benar-benar menyadari risiko yang dihadapi.

Dampaknya tidak hanya terbatas pada kerugian finansial, tetapi juga dapat memengaruhi kondisi mental dan kualitas hidup secara keseluruhan.
#PPATK",,,,"Replies: , Retweets: 1, Likes: 1",0
@Harian_Jogja,"Judi Online Ancam Anak Indonesia, KemenPPPA Ajak Warga Segera Melapor",,,,"Replies: , Retweets: , Likes: ",0
@ANTI_ILEGAL," OFFICIAL ABUSE REPORT | 
@Namecheap

Domain 
http://
senyumtotob7.com is confirmed to be operating as an illegal online gambling platform actively targeting Indonesian citizens.
 Legal Violations:
▸ Article 27(2) of UU ITE No.1/2024 — distributing illegal content
▸ Article",@Namecheap,,,"Replies: 1, Retweets: , Likes: ",0
@ANTI_ILEGAL,"OFFICIAL ABUSE REPORT | 
@Namecheap

Domain 
http://
zeus138jaminan.com is confirmed to be operating as an illegal online gambling platform actively targeting Indonesian citizens.
 Legal Violations:
▸ Article 27(2) of UU ITE No.1/2024 — distributing illegal content
▸ Article 45(3)",@Namecheap,,,"Replies: 1, Retweets: , Likes: ",0
@radarmasnetwork,"Polres Purbalingga melakukan pemeriksaan mendadak untuk menjaga disiplin anggotanya. Fokus utama adalah menghindari praktik judi online. Hasilnya positif, tidak ada pelanggaran terdeteksi. Disiplin tetap jadi prioritas! #Polri #Disiplin #JudiOnline",,,,"Replies: , Retweets: , Likes: ",1
@kemkomdigi,"The Minister of Communication and Digital Affairs also invites the public to use the World Cup as a momentum to strengthen unity and sportsmanship, as well as to avoid negative practices such as online gambling and illegal football betting.

#Kemkomdigi #Menkomdigi #WorldCup2026",,@kemkomdigi,,"Replies: 1, Retweets: , Likes: ",0
@MediaPermata,"S’pura ketatkan penguatkuasaan perjudian haram Piala Dunia 2026⁠

#MediaPermata #BeritaBrunei #ASEAN #singapura #ketatkan #penguatkuasaan #perjudian #haram #pialadunia",,,,"Replies: , Retweets: , Likes: ",0
@Logika_saya,"Mengingatkan saja ke 

@KPU_ID
 
Manipulasi data kalian di 2024 pemenangan by design telah merusak negara ini
Kalian akan dimintai pertanggungjawaban di judgment day 
Cc

@Kemenag_RI
 

@DPR_RI
 
Bertaubatlah dengan meminta maaf pada seluruh rakyat negeri ini.","@KPU_ID, @Kemenag_RI, @DPR_RI",,,"Replies: 1, Retweets: , Likes: ",0
@ANTI_ILEGAL," OFFICIAL ABUSE REPORT | 
@Namecheap

Domain 
http://
madunikmat303.shop is confirmed to be operating as an illegal online gambling platform actively targeting Indonesian citizens.
 Legal Violations:
▸ Article 27(2) of UU ITE No.1/2024 — distributing illegal content
▸ Article",@Namecheap,,,"Replies: , Retweets: , Likes: ",0
@ANTI_ILEGAL," OFFICIAL ABUSE REPORT | 
@Namecheap

Domains 
http://
hanoman77a.store and 
http://
hanoman77.info — including subdomains 
http://
nn004.hanoman77a.store and 
http://
hanoman77.info/fymr — are confirmed to be operating as illegal online gambling platforms actively targeting Indonesian",@Namecheap,,,"Replies: 1, Retweets: , Likes: ",0
@utamanewscom,"Judi Online Hancurkan Segalanya: Ludes Rp297 Juta, Karyawan di Dairi Rekayasa Jadi Korban Begal",,,,"Replies: , Retweets: , Likes: ",0
@xLanglangBuana,"Bukan nggak boleh Komdigi bertindak tegas melawan disinformasi terhadap pemerintah.

Tapi Komdigi yang sangat gercep terhadap pelanggan yang dilakukan, tapi membiarkan JUDOL yang makin merajalela, jadi nggak bisa tidak kita menganggap Komdigi hanya jadi alat kontrol rakyat.",,,@kurawa,"Replies: , Retweets: , Likes: ",0
@ANTI_ILEGAL," OFFICIAL ABUSE REPORT | 
@Namecheap

Domains 
http://
kota188win.com, 
http://
linkkota188.com, 
http://
main-kota188.com, 
http://
gacor-kota188.com, and 
http://
kota188yess.com — including subdomains 
http://
go.kota188win.com, 
http://
link7.main-kota188.com, and 
http://
a.gacor-kota188.com — are",@Namecheap,,,"Replies: , Retweets: , Likes: ",1
@vita_AVP,"Karena oksigen belum bisa dimonopoli, jadi air putih duluan yang dibisnisin.

Aturannya sederhana: di dalam gedung boleh jualan, tapi hak dasar jangan digadai. Haus itu kebutuhan biologis, bukan opsi premium. Mau konser, bioskop, atau foodcourt, orang bawa air sendiri itu bukan",,,@MenteriPekerja,"Replies: , Retweets: , Likes: ",0
@GesuriID,"Sudin Soroti Narkoba, Judi Online, Pinjaman Online Ilegal, Hingga Kejahatan Digital di Kota Bandar Lampung",,,,"Replies: , Retweets: , Likes: ",0
@narkosun,"Sebenarnya maunya Jaksa ke Nadiem ini apa?

Narasinya berubah-ubah terus. Dakwaannya adalah perbuatan melawan hukum dan kerugian negara. Dasarnya audit BPKP senilai Rp1,5 triliun. Namun, dakwaan Rp2,1 triliun. Kita aja yg lihat bingung.

Trus pada replik disebut kejahatan White",,,@narkosun,"Replies: , Retweets: , Likes: ",0
@ANTI_ILEGAL," OFFICIAL ABUSE REPORT | 
@Namecheap

Domains 
http://
obakitchensacramento.com and 
http://
manismd.store are confirmed to be operating as illegal online gambling platforms actively targeting Indonesian citizens.
 Legal Violations:
▸ Article 27(2) of UU ITE No.1/2024 — distributing",@Namecheap,,,"Replies: 1, Retweets: , Likes: 1",0
@ANTI_ILEGAL," OFFICIAL ABUSE REPORT | 
@Namecheap

Domains 
http://
hanoman77vip.xyz and 
http://
hanoman77z.live — including subdomain 
http://
na001.hanoman77z.live — are confirmed to be operating as illegal online gambling platforms actively targeting Indonesian citizens.
 Legal Violations:
▸",@Namecheap,,,"Replies: 1, Retweets: , Likes: ",0
@ANTI_ILEGAL," OFFICIAL ABUSE REPORT | 
@Namecheap

Domains 
http://
hanoman77b.art and 
http://
hanoman77c.site — including subdomain 
http://
om001.hanoman77c.site — are confirmed to be operating as illegal online gambling platforms actively targeting Indonesian citizens.
 Legal Violations:
▸",@Namecheap,,,"Replies: , Retweets: , Likes: ",0
@kejaritapsel," Cuan Instan atau Jebakan? 

Di era digital, judi online sering tampil dengan janji keuntungan besar dalam waktu singkat. Namun di balik iming-iming tersebut, terdapat risiko yang tidak sedikit, mulai dari kerugian finansial, gangguan sosial, hingga konsekuensi hukum.

(c)",,,,"Replies: 1, Retweets: , Likes: ",0
@PolsekSmdKota, Judi Online Bikin Kantong Kosong! ,,,,"Replies: , Retweets: , Likes: ",0
@polres_madiun,"STOP JUDI ONLINE & JUDI NOMOR!

#PolresMadiun #StopJudiOnline #StopJudiNomor #JudiMerusakMasaDepan #PolriPresisi #CallCenter110 #KabupatenMadiun #MadiunAman #BebasJudi #PolriUntukMasyarakat #JauhiJudi #IndonesiaTanpaJudiOnline",,,,"Replies: 8, Retweets: 2, Likes: 33",0
@fransis74201222,"YANG ANTEK ASING YANG  NYOGOK PAMAN SAM , BANTU PERANG SRIWIL DENGAN MEMERAS RAKYAT .ANTEK ASING  YG JUAL ? APA DI KASIH GRATIS ?   AIR PORT  KERTAJATI . NYOGOK TERUUS TAKUT DI ADILI SEBAGAI   PELANGGAR HAM .HARUS SEGERA DIADILI  AGAR TIDAK  MENJADI - JADI   ZHOLIIM NYA .",,,@RayylambeabangR,"Replies: , Retweets: 1, Likes: 1",0
@PolsekSara45441,"STOP JUDI ONLINE & JUDI NOMOR!

Polres Madiun mengimbau seluruh masyarakat Kabupaten Madiun untuk menjauhi segala bentuk perjudian, baik judi online maupun judi nomor yang saat ini semakin marak dan mudah diakses.

Jangan sampai tergiur iming-iming keuntungan instan.",,,,"Replies: , Retweets: , Likes: ",0
@HumasJatiasih,"STOP JUDI ONLINE

Judi online bukan solusi mencari keuntungan, melainkan jalan yang dapat merusak masa depan, ekonomi keluarga, dan kesehatan mental. Banyak korban kehilangan uang, terjerat utang, hingga mengalami konflik sosial akibat kecanduan judi online.",,,,"Replies: , Retweets: , Likes: 1",0
@PMejayan,"STOP JUDI ONLINE & JUDI NOMOR!

Polres Madiun mengimbau seluruh masyarakat Kabupaten Madiun untuk menjauhi segala bentuk perjudian, baik judi online maupun judi nomor yang saat ini semakin marak dan mudah diakses.",,,,"Replies: , Retweets: , Likes: ",0
@PNglegok,"Judi memang bukan gangguan kamtibmas yang terlihat secara langsung seperti pencurian, perkelahian, atau tindak kriminal lainnya. Namun, dampaknya dapat merusak sendi-sendi kehidupan masyarakat, terutama ekonomi dan kesehatan mental keluarga.",,,,"Replies: , Retweets: , Likes: ",0
@ANTI_ILEGAL," OFFICIAL ABUSE REPORT | 
@Namecheap

Domains 
http://
hanoman77b.online and 
http://
hanoman77.art — including subdomain 
http://
mp001.hanoman77b.online — are confirmed to be operating as illegal online gambling platforms actively targeting Indonesian citizens.
 Legal Violations:
▸",@Namecheap,,,"Replies: 1, Retweets: , Likes: ",0
@Kamzam08477773,"Ka ka ka!!  Aktiviti2 haram spt : A""lon g, Ayam, hiburan 2, nudi  haram, Ekor haram   

Piala Dunia 2026: PDRM lancar Ops Soga XI kekang judi, pertaruhan haram semasa",,,,"Replies: , Retweets: , Likes: ",0
@INRI2025,"Pemerintah harus hapus aplikasi apapun jika dipakai oleh pelaku judi online utk mencuri uang milik ribuan orang tolol Indonesia


@prabowo

DPR RI
BAKTI Komdigi

@BAKTIKomdigi

#UangKita

@KemenkeuRI

Kejaksaan RI
CNBC Indonesia","@prabowo, @BAKTIKomdigi, @KemenkeuRI",,,"Replies: , Retweets: , Likes: ",0
@EranDjatmika,"blok judol?, dia orang komdigi?",,@akuserureion,,"Replies: , Retweets: 7, Likes: 210",0
@Takoyakixb,"Izin curhat le ,jujur gw umur 22 kecanduan main judol le sampe pernah gajian uang ada duit 5jt habis le gara gara judol le, nah sekarang gw mulai coba coba pinjol le karna gw dah kecanduan dan gk ada duit gw coba aj pinjol,dan ternyata coba pinjol bukan nya enak malah gw di teror",,,,"Replies: 1, Retweets: , Likes: 1",0
@riyanto_hardi,"Polisi tangkap 320 pelaku judol, ngapain kerja komdigi?",,,,"Replies: , Retweets: , Likes: ",0
@rapunjellyeuw,JUDOL NOH URUIN KOMDIGI NGAPAIN NGURUSIN SEC ACCOUNT IDIEEEE NOH BUZZER PESENAN PUSAT DI LACAKK ISINYA FAKE SMUA PESENAN,,,@kumparan,"Replies: , Retweets: , Likes: ",0
@Perkembang105,"8,1 Juta Konten Judol Diblokir!
Komdigi terus bergerak berantas judi online di ruang digital Indonesia.
Temukan konten judol? Jangan klik. Jangan sebar. Laporkan ke 
http://
aduankonten.id
Bersama kita jaga ruang digital tetap bersih!",,,,"Replies: , Retweets: , Likes: ",0
@NanaTasyana,"Komdigi gercep buat lindungin pemerintah. 
Judol ngga diurusin.",,,,"Replies: , Retweets: , Likes: ",0
@MangAgus_10,"Ini yang katanya sudah memberantas 8 juta situs judi online

Website kampus sekelas unhan aja keselip web judol

Gimana nih komdigi? Tolong atensinya dong",,,,"Replies: 8, Retweets: 23, Likes: 183",0
@Dengardengarco,"Listen, by May 2026, Komdigi has already blocked more than 3.8 million gambling sites. The number's huge, but why do they keep popping up?

- A Thread -",,,,"Replies: 1, Retweets: 3, Likes: 11",0
@vespamatic96,"Right now, 287 million Indonesian people can't access Polymarket anymore because Komdigi has carried out a blocking, saying it's ""just like gambling.""

What do you all think?",,,,"Replies: 12, Retweets: 5, Likes: 21",0
@purasahita,"pertama kali dapet SMS spam judol
komdigi bgst pada makan duit haram",,,,"Replies: , Retweets: , Likes: ",0
@officialbitv,"Menkomdigi Ungkap Fakta Mengejutkan: Hampir 200 Ribu Anak Indonesia Terpapar Judol, 80 Ribu di Bawah Usia 10 Tahun 

https://
bitvonline.com/hukum-dan-krim
inal/66983/menkomdigi-ungkap-fakta-mengejutkan-hampir-200-ribu-anak-indonesia-terpapar-judol-80-ribu-di-bawah-usia-10-tahun/
…
#JudiOnline #Judol #MeutyaHafid #Komdigi #AnakTerpaparJudol #Medan #LiterasiDigital #PPATK #OJK #Polri #KejahatanDigital #bitvonline #kamis",,,,"Replies: , Retweets: , Likes: 1",0
@mrfppppp,"iya lagi anjing, buka sg aja ada iklan judol nya. komdigi tai",,,@tanyakanrl,"Replies: , Retweets: , Likes: ",0
@MariaAlkaff_,"Komdigi tidak menarasikan soal gugatan hukum terkait video YT Pak Amien Rais. 

Tapi bener, men-takedown video itu. 

: metrotv
—- 

Akun porno, akun judol masih bertebaran di mana-mana di banyak platform sosmed, gak di-take down semua? 

Kok gercepnya cuma sama video Pak AR",,,@MariaAlkaff_,"Replies: 15, Retweets: 17, Likes: 60",0
@sepuhblokm,"komdigi udh gabisa berantas judol segala mau ikut campur pake gaboleh fake account, urusin dl noh website jelek lu

bapuk",,,,"Replies: , Retweets: 2, Likes: 7",0
@Feliks_L,"If Komdigi can block Polymarket so easily, why can't they block judol? ",,,,"Replies: 2, Retweets: 1, Likes: 2",0
@peppermintbutl_,"Lagi-lagi judol dan komdigi engga becus berantas judol, dosanya gede banget mutya hafid sama orang orang yang kerja di komdigi.",,,@destipra22,"Replies: , Retweets: , Likes: ",0
@MariaAlkaff_,"Good grief, Komdigi deleted it.  
Now it's just like judol.  
—-

President Prabowo's name has appeared on the crypto prediction platform Polymarket.  

In that prediction market, users bet on ""yes"" or ""no"" options regarding the possibility of Prabowo no longer serving before",,,@MariaAlkaff_,"Replies: 7, Retweets: 14, Likes: 35",0
@johnkecops,"Kalau manajemen informasi, ini ranahnya komdigi. Mereka sama influencer/vendor pornografi, judol, wikipedia & vendor AI berani, tapi kok sama inflencer anti-vax di medsos mengkeret? Kemkes gak punya infrastruktur, tupoksi, & SDM untuk sensor medsos lho! ",,,@Yuumu2110,"Replies: 1, Retweets: , Likes: 10",0
@deekyuwan,komdigi udah mending urusin judol & pinjol aja sih,,,@VGC_News,"Replies: , Retweets: , Likes: 1",0
@nammjuuning,"Secinta apapun, gw gk bakal mau nikahin judol. Amit amit gw ikut mikir ngelunasin utang utang pinjol slot itu. 
Terang terangan aja sma ortu. Dia judol pinjol. Dan kamu gk mau. Udh kelar",,@tanyakanrl,,"Replies: , Retweets: , Likes: ",0
@Polixnews,"HEBOH! BERITA VIRAL YANG JARANG DIPUBLIKASIKAN!

""80 Ribu Anak di Bawah 10 Tahun Terpapar Judol, Komdigi: Perang Besar Sedang Dimulai!”

Ratusan ribu anak dilaporkan terpapar judi online, termasuk puluhan ribu anak usia di bawah 10 tahun. #jagaindonesia #beritaviral #fyp #komdigi",,,,"Replies: , Retweets: , Likes: 1",0
@blogcious,"Halo Komdigi staf kalian selain memburu situs bokep kerjanya main Mobile Legend? Staf yang ngasih ide begini tolong suruh fokus main game saja ganti dengan yang benar-benar mau kerja.

1. Spam Call/telemarketing 
2. Peivasi data pelanggan
3. Nomor telpon recycle
4. Situs judol",,,@tempedotc0,"Replies: 2, Retweets: , Likes: 1",0
@ayeambetutu,"Komdigi support penuh buat blokir judol, peran keluarga dan sekolah makin krusial #BerantasJudol lindungi anak dari judol",,,,"Replies: , Retweets: , Likes: ",1
@indonesiago_id,"Ayo jadi garda terdepan lawan judi online!  Menteri Komdigi Meutya Hafid ingatkan bahwa judol adalah ancaman nyata bagi ketahanan keluarga. Jangan biarkan utang dan keretakan rumah tangga menghancurkan masa depan anak-anak kita. 

#GaspolTolakJudol",,,,"Replies: 1, Retweets: , Likes: ",0
@piokharisma,Segala hal dilakukan Komdigi untuk bisa melindungi warga dari pengaruh buruk konten digital. Tapi entah kenapa judol masih bisa diakses dg mudah. Juga nomor hp pribadi yg mudah banget kesebar ke mana-mana. Antara kedua hal itu sulit banget diberantas atau emang sengaja dibiarin.,,,@kumparan,"Replies: 1, Retweets: 5, Likes: 7",0
@harippe,Ironically the first judol site komdigi has blocked lmao,,,@safenetvoice,"Replies: 1, Retweets: , Likes: ",0
@hhiimmeell,"Ya berarti komdigi isinya orang tolol semua. Sok ngerti tentang dunia game. Ngebedah market game aja gabisa, ya gimana mau tepat sasaran. Udah mending komdigi makan uang haram judol aja",,,@onnowpurbo,"Replies: , Retweets: , Likes: 9",0
@unameofme,Gue gedig komdigi pake judol,,,@tempodotco,"Replies: , Retweets: , Likes: ",0
@nyetirnyajauh,"Silencing warga bisa, giliran judol tiba tiba ambruk. Komdigi, i think we have a problem here..",,,,"Replies: 1, Retweets: , Likes: ",0
@Coupron,Sibuk amat judol kapan? @ komdigi,,,@tanyarlfes,"Replies: , Retweets: , Likes: ",0
@KilatTerkini,"Judi itu dosa.. Haram..!
Tapi koq komdigi cuma blok polymarket ya? 
Judol lainnya apakabar? 

Apakah ada hubungannya sama bet tentang Prabowo di polymarket?",,,@business,"Replies: , Retweets: , Likes: ",0
@iis_manto36,"Judol aman
Korupsi makin parah
Pelanggaran HAM jalan terus
Status tersangka ga segera ditangkap
Eh tau tau: blokir wikipedia
Sayang banget banget deh sm komdigi

Kebijakan yang sangat apa?",,,,"Replies: 14, Retweets: , Likes: 15",0
@SeekHustle,"200k kids exposed to gambling, that's your sin, you know. That alarm has been ringing for a long time and you've never noticed. If you were doing your digital ministry job right, there wouldn't be 200k kids getting hit by gambling. No family would have to lose a member because of",,,@tempodotco,"Replies: 13, Retweets: 15, Likes: 48",0
@Kemenham_RI,"Komdigi berantas judol 
Komdigi pelihara judol dengan membiarkan database nomor pengguna diakses enabler judol 

WTF!?",,,,"Replies: 1, Retweets: , Likes: ",0
@irajenar,"lagian komdigi ngapain sih jir ngurusin asbunan akun satu satu, kek.. emang lu pada senganggur itu ya di kantor?
situs judol aja kaga lu beresin",,,@safenetvoice,"Replies: , Retweets: 1, Likes: 2",0
@ThE_ELm007,"Inilah salah satu alasan kenapa kementerian komdigi tidak bisa memblokir situs Judol..... 

",,,@indepenSumatera,"Replies: , Retweets: , Likes: ",0
@_titik2d_,komdigi bukannya ngurusin judol atau data jebol malah pilih ngurusin masalah receh,,,@Dospemz,"Replies: , Retweets: , Likes: ",0
@hamiyeorie,KONTOL BAJINGANNNNN KOMDIGI BANGSAT APA APAAN POTA DIBLOKIR GINI BANGSAT LU BLOKIR TU SITUS JUDOL PRABOWO SAMPAH MEUTYA HAFID SAMPAH MATI LU SEMUA MASUK NERAKA,,,,"Replies: , Retweets: , Likes: ",0
@Bang_Rosinante,"Di youtube juga pernah ada, gua lg scroll short tau² lah judol. Gatau deh komdigi ini ngerti ga sih kalo judol dilarang dalam undang-undang.

Gegara judol sekarang perputaran uang jadi makin abis. Brengsek.",,@tanyakanrl,,"Replies: 1, Retweets: 20, Likes: 894",0
@kimicikim,Komdigi kontol !!! Judol ngentot lu urusin.!!!,,,@kumparan,"Replies: , Retweets: , Likes: ",0
@R_Perkasa,"Komdigi akan gerak cepat memberantas Judol 

Judol yang dimaksud:

",,,@Polymarket,"Replies: 1, Retweets: , Likes: 1",0
@ayusdw_,"komdigi kmna sih, judol ga diurusin capek bgt jadi wni",,,@riccivall,"Replies: , Retweets: , Likes: ",0
@panji_puspo,"Orang mah urusin rakyat  malah ngurusin presiden .
Eleh"" komdigi udah kaya punya prabowo aja.
JUDOL NOH JUDOL 
https://
x.com/kemkomdigi/sta
/kemkomdigi/status/2050134400420168024
…",,,,"Replies: , Retweets: , Likes: ",0
@liogtttscrp,"Breaking: Komdigi has just taken a firm step by blocking the Polymarket site.

this can be blocked but why are gambling sites never this quick to act like this, whyyyy!!?!",,,@liogtttscrp,"Replies: 3, Retweets: 12, Likes: 52",0
@komdigi_jateng,"Seringkali kita tergoda dengan janji ""instan"", tapi ingat ""tidak ada jalan pintas menuju kekayaan"" 

Judol & Pinjol itu paket lengkap perusak hidup

Jangan sampai terjebak dalam siklus ""gali lubang tutup lubang"" yang nggak ada ujungnya.",,,,"Replies: 1, Retweets: 1, Likes: ",0
@blue_berets7," Breaking :
KOMDIGI has just taken a firm step by blocking the POLYMARKET SITE 

Why aren't gambling sites and 
porn sites blocked all at once?",,,,"Replies: , Retweets: , Likes: 1",0
@bergeloralah,"CAN'T BE ELIMINATED, HUH..! Circulation of Funds in #Judol Rp 286 Trillion in 2025, #Komdigi #Blocks 3.4 Million #Sites 
https://
bergelora.com/gak-bisa-diber
antas-nih-perputaran-dana-judol-rp-286-triliun-di-2025-komdigi-blokir-34-juta-situs/
… via @BERGELORA.COM",,,,"Replies: , Retweets: , Likes: ",0
@yvansup,"Masi bingung sama skala prioritasnya Komdigi.. Urgensinya ngblok Wikipedia atas asas PSE ini apa? 

Prabowo lho udah bilang di November kemaren klo kerugian kita akibat judol diperkirakan mencapai IDR 133 T. Ini udah jelas lebih urgent deh kayanya.. ",,,@idwiki,"Replies: , Retweets: 1, Likes: ",0
@TempeXBT,"Whooooppp.. Ada awaaaakkk 

But yeah, it really matches yesterday's reality—Polymarket & Kalshi got quick action from komdigi.. Whereas the other gambling sites are still scattered all over the place, especially in YouTube shorts.. 

Yookk, let's wipe out all the gambling",,,@orpheuskaze,"Replies: , Retweets: , Likes: 2",1
@Sanyinjiaoo,Komdigi apapun dilakukan kecuali blokir judol dan penipuan online,,,@tanyarlfes,"Replies: , Retweets: , Likes: ",0
@shavyre,"Damn, why is it so quick when it's just starting out? But when it's time to pay off the online loan, it's slow as hell.",,,@salam4jari,"Replies: , Retweets: , Likes: 1",0
@MangAgus_10,"Kok rada tolol ya komdigi ini 

Blokir wikipedia yg notabene jadi wadah ilmu pengetahuan gercepnya kek flash, giliran suruh blokir judol leletnya gak ketolong

Negara opensource emang beda ",,,@idwiki,"Replies: 7, Retweets: 2, Likes: 17",0
@tanyakanrl,"Fuckin' Komdigi, this is a judol ad, you dog. I never searched for judol even once, but the moment I open TikTok, I'm shocked 'cause there's a judol ad right there, and it says ""Sponsored,"" meaning someone's deliberately advertising it. And it's not just once or twice, it's so",,,,"Replies: 326, Retweets: 1.7K, Likes: 9.2K",0
@dnyan83,Woy! Judol urusin!gak guna Komdigi!,,,@KangManto123,"Replies: , Retweets: , Likes: ",0
@rahma_nitsu,Ada judol komdigi diam.. Ada penipuan loker ke Kamboja komdigi diam.. Ada pornografi di sosmed komdigi diam.. Tapi kalo teddy yg diserang KOMDIGI AKAN LAWAN!!!!,,,@kangdede78,"Replies: , Retweets: , Likes: ",0
@katsuuudoonn,Semua nya di urusin sama komdigi kecuali judol pinjol ,,,@idwiki,"Replies: , Retweets: , Likes: ",0
@cemeNix7,"Komdigi harusnya kerja ngurus beginian
Malah ngejar Amin Rais


Ngurus judol bloon
Malah sok2an rating game

Emang komdigi ga guna",,@Makaryo0,,"Replies: 5, Retweets: 13, Likes: 232",0
@sintamudia,"Hellish inferno this is for the Komdigi office. The real gambling that's accessible and impoverishing this nation is left to multiply unchecked. The suicides are beyond counting now. From the little people, schoolkids, officials, to housewives—they've all become victims.",,,@kumparan,"Replies: , Retweets: , Likes: ",0
@lembarunika,"Instead of you worrying about unclear stuff, you'd better take care of our data security. I just gave my number to the 
@pmtkemkomdigi
 account and now I'm getting tons of judi online promo WA messages, even though I never got any before. Did a Komdigi employee leak my number or",@pmtkemkomdigi,,@tanyarlfes,"Replies: , Retweets: , Likes: ",0
@baerchive,Semua dilakukan Komdigi kecuali berantas judol dan pinjol ilegal.,,,@tanyarlfes,"Replies: , Retweets: , Likes: ",0
@Risayang__,"Buat adik adik kelahiran 2000an, ini namanya single mom yaa. Soalnya lakinya kecanduan judol mulu dan gapernah mikirin masa depan anak. Lebih mentingin depo daripada nafkah anak dan istri",,,,"Replies: 1, Retweets: , Likes: 6",0
@PerryGerr,"Bagi gue sih simpel, kalo judol merajalela berarti Komdigi nggak ada gunanya.",,@Kulipabrik1016,@kurawa,"Replies: , Retweets: , Likes: ",0
@OposisiCerdas,Komdigi Dianggap Tidak Becus Urus Konten Hoax Hingga Judol,,,,"Replies: 1, Retweets: 20, Likes: 17",0
@rueetinitas,"Satu klik bisa bahaya, Komdigi sediakan pengawasan digital biar anak bebas dari situs judol #BerantasJudol lindungi anak dari judol",,,,"Replies: , Retweets: , Likes: ",0
@popmatchacorn,"It's clear, the judol is being handled by hey komdigi.",,,@tanyarlfes,"Replies: , Retweets: , Likes: ",0
@finfoxes_id,"Netizen langsung rame: “Lah kok Polymarket cepet diblokir, tapi judol masih banyak berkeliaran?” 

Komdigi resmi blokir situs Polymarket karena dianggap jadi platform taruhan uang berkedok prediction market, meski pakai embel-embel blockchain dan kripto.",,,,"Replies: 1, Retweets: , Likes: 1",0
@sarkaswati,"I think it's better if you all hype this up first, then once it's hyped, Komdigi says it's gambling, haram, and starts shutting down the judol spots, lololol

(not gonna happen)",,,@Polymarket,"Replies: , Retweets: , Likes: ",0
@AjWidjanarko_,komdigi finally blocked 1(one) judol... i have tears in my eyes... i can't believe it...,,,@safenetvoice,"Replies: , Retweets: , Likes: ",0
@CyberNeon_16,ga ada duit judol komdigi ga bisa beroperasi,,@edwinbazz,,"Replies: , Retweets: , Likes: 1",0
@phtigris,Lagi-lagu komdigi.. Giliran judol dibiarin,,,@idwiki,"Replies: , Retweets: , Likes: ",0
@gritstrash458st,"Komdigi help me, ini banyak banget nomor penipuan, spam, pinjol, judol telpon. 

apa ada cara ya mengatasi ini tanpa ganti nomor telepon? sayang banget ganti nomor telepon soalnya udah nyambung ke berbagai akun ini nomor 

sekali lagi mungkin Komdigi punya cara kali atasi modus",,,,"Replies: , Retweets: , Likes: ",0
@robaato_sukoco,"Komdigi ngurusin judol aja gak bener, gak usah sok-sok ngurus rating buat game dah lu, titit",,,,"Replies: , Retweets: 1, Likes: 1",0
@spiritgw12,"Always fixating on the small stuff again. Komdigi wants to mandate phone numbers for social media to make it ""accountable""? Citizens' privacy gets gutted, but when online gambling runs rampant and massive data breaches happen, it's all brushed off

Morning .. let's grab some",,,,"Replies: , Retweets: 1, Likes: 6",0
@Jelli_cent,"Udah diblokir sm Komdigi..

Gercep ya..
Judol udh nyerang anak knp ga bisa ngapa2in?

",,,@liogtttscrp,"Replies: , Retweets: , Likes: ",0
@popoktokki,Komdigi gak bisa kerja brantas judol sampe presiden indonesia dijadiin bahan judi ,,,@liogtttscrp,"Replies: , Retweets: 1, Likes: 1",0
@embah72,"Emang baru tau Wer kalau dibawah menteri gerbong kereta tengah Komdigi jadi agak² umbar kobodohan.
Makin kedepan amakin aneh dan yg bukan urusannya dia bikin sibuk sampe lupa hapus situs judol.",,,,"Replies: , Retweets: 1, Likes: 1",0
@tobasatu,"Padahal bukan video asusila  ?? Kok Di Take Down ??
Seharusnya Komdigi itu take dowb Judol,Video Porn*,Hoax,Narasi Sesat,Juga Terkhusus Harusnya Bagaimana Kasus Ijazah Dugaan Palsu Jkw/Gib Di Anulir Informasinya, Kan Atasnama Negara komdg nya ??
Berani ... ??",,,@AnKiiim_,"Replies: , Retweets: , Likes: ",0
@ferrerocherra,WOY BERANTAS JUDOL ANJENGGGGG semua lu lakuin kecuali judol. komdigi berak,,,@tanyarlfes,"Replies: , Retweets: , Likes: ",0
@gegngnge,"harusnya komdigi ngurusin data masy. kok bisa bocor los dol gitu dan judol/pinjol, malah sibuk ngurus rating game. laillahaillallah emang pemerintahan di indo skala kepentingannya kebolak-balik, harusnya malu bangsa besar (kata prabowo) tp kinerja belepotan.",,,@KapudS640,"Replies: , Retweets: 2, Likes: 19",0
@inilahdotcom,"Data from the Ministry of Communication and Digital Affairs (Komdigi) stating that around 200,000 Indonesian children are exposed to online gambling (judol) has sparked public concern. Even more alarming, around 80 of them are said to still be under 10 years old.

This phenomenon",,,,"Replies: , Retweets: , Likes: 1",0
@nadorablejae,Komdigi bisa ini itu tapi gabisa blokir situs judol.,,,@kumparan,"Replies: , Retweets: , Likes: ",0
@ramydhia,Berarti Komdigi mengakui ya kalo emang gak mampu atasi masalah judol?,,@Kulipabrik1016,@kurawa,"Replies: , Retweets: , Likes: ",0
@Tehangettawar_,"Ig Kena takedown Komdigi Gaess.... demo ginian aja gercep, JUDOLL NOHH JUDOLLL!!!! HOYYYYYY!!!!!!",,,,"Replies: , Retweets: , Likes: ",0
@BukanPegawaiJP,"Ah judol again, selain komdigi yg ga ada gunannya. Cenblue2 gblk yg asal post tanpa verifikasi demi gajian dari elon lebih tidak ada gunanya.",,,@destipra22,"Replies: 1, Retweets: , Likes: ",0
@setowicaksono,"Teach You a Lesson episode 7 bahas soal usaha memberantas judol.

Pak Menteri di Korea Selatan paham tu, perlu andil dari banyak departemen dan harus merangkul/kerja sama dengan:

1. Polisi
2. Kejaksaan
3. Kemkomdigi
4. Kemhum

Di serial ini, semua harus punya andil, katanya.",,,,"Replies: , Retweets: , Likes: ",1
@detikinet,"Markas Judol Hayam Wuruk Dibekuk, Komdigi: Tidak Ada Toleransi! 
https://
inet.detik.com/law-and-policy
/d-8482430/markas-judol-hayam-wuruk-dibekuk-komdigi-tidak-ada-toleransi?utm_campaign=detikcomsocmed&utm_medium=oa&utm_source=twitter&utm_content=detikinet
…",,,,"Replies: , Retweets: , Likes: ",0
@boxxtoc,"Advice for Komdigi: better to handle loan shark apps, gambling sites, porn sites, and porn accounts that are still rampant, rather than dealing with people who criticize the government.

If you don't want to be criticized, tell Prabowo to do his job properly, if he does it right,",,,,"Replies: 74, Retweets: 380, Likes: 996",0
@nautivelle,"super noisy, komdigi, I mean judol right in front of my eyes",,,,"Replies: , Retweets: , Likes: ",0
@doimucenah,"nice work komdigi 

so when will the gambling websites that are literally popping up everywhere be blocked too? ",,,@kumparan,"Replies: 1, Retweets: , Likes: 2",0
@erasmus70,"Ekspresi gender dan ketertarikan seksual itu hak. Tpi kalau isu ini dipakai utk merendahkan orang, kita harus lawan krn bisa menimbulkan stigma dan itu berbahaya utk minoritas seksual. 

Yang perlu dipertanyakan, seandainya Komdigi merespon Judol secepat merespon isu ini…. ",,,@AnKiiim_,"Replies: , Retweets: 1, Likes: 11",0
@HastoSuprayogo,"Agreed! The government has a heavy homework to tackle online gambling, especially as it becomes the responsibility of Minister 
@meutya_hafid
 and the 
@kemkomdigi
 team.

Instead of floating talk about AI and so on, Komdigi should just focus on real digital issues that destroy the","@meutya_hafid, @kemkomdigi",@HastoSuprayogo,@adabawangmu,"Replies: , Retweets: , Likes: 3",0
@nu_online,"Data Komdigi menyebut 200 ribu anak terpapar judol. Ini jadi ancaman serius, sehingga orang tua dan tokoh agama harus berperan membentengi. 
https://
nu.or.id/nasional/200-r
ibu-anak-terpapar-judol-komdigi-peran-tokoh-agama-hingga-orang-tua-penting-sebagai-benteng-KAeee?utm_source=dlvr.it&utm_medium=twitter
…",,,,"Replies: , Retweets: , Likes: 3",0
@geargyu,"Gw tadi liat sales toko emak gw main higgs domino, itu masuknya masih judol kan.... Sadly komdigi g ada tindak tegas buat hal ini.",,,,"Replies: , Retweets: , Likes: ",0
@keluhkesacrypto,"Some people are protesting why Polymarket got blocked while judol isn't getting blocked at all.

Well, Polymarket is basically judol too, dude.

So why are judol sites like slat so hard to block? It's not hard, because Komdigi only goes as far as blocking domains, so they just",,,,"Replies: 9, Retweets: 1, Likes: 14",0
@King_PWS_,"“Terungkap Ada WNI Alumni Judol Kamboja Jadi Pelaku Sindikat Hayam Wuruk”

>>Waspada, Jaringan Judol Internasional sudah bergeser ke Indonesia. 
>>Dan KOMDIGI juga gak mampu menghapus situs- situs Judol yang beroperasi masuk ke Indonesia.

https://
news.detik.com/berita/d-84835
84/terungkap-ada-wni-alumni-judol-kamboja-jadi-pelaku-sindikat-hayam-wuruk
…",,,,"Replies: 6, Retweets: 20, Likes: 28",0
@King_PWS_,"“Penangkapan dilakukan di lokasi operasional judol di sebuah kantor di Kawasan Jalan Hayam Wuruk, Jakarta Barat.”

>>Ayo Pak Pol, sikat- sikatin semua markas judol, kalau nunggu Komdigi nutup situsnya sudah gak keharap 


https://
nasional.kompas.com/read/2026/05/0
9/15300691/polisi-gerebek-markas-judol-di-hayam-wuruk-321-wna-ditangkap
…?",,,,"Replies: , Retweets: 7, Likes: 8",0
@pasfm,"The Minister of Communication and Digital Affairs revealed that the government has blocked 3.4 million online gambling sites. Throughout 2025, the circulation of online gambling funds reached 286 trillion rupiah, down about 30% compared to 2024. Komdigi submitted requests to OJK",,,,"Replies: , Retweets: , Likes: ",0
@sinpotv,Komdigi Blocks Polymarket Suspected of Online Gambling Disguised as Prediction Market,,,,"Replies: , Retweets: , Likes: 1",0
@deyuwi,Parah bgt ni komdigi bukannya ngeblok judol,,,@destipra22,"Replies: , Retweets: , Likes: ",0
@RadioElshinta,"#KomisiAnda Komdigi ungkap 200 ribu anak terpapar judol, bagaimana selamatkan generasi?

Komentar Anda?

Streaming

https://
elshinta.com/live/radio",,,,"Replies: , Retweets: , Likes: ",0
@cikichee,Kerjaannya cuman bisa ginian si komdigi itu????? Mendingan lu kerja ngurus judol sama kuatin lagi perlindungan data-data rakyat,,,@indepenSumatera,"Replies: , Retweets: , Likes: ",0
@alma_maximoff,Benerin dulu tub penipu penipu sama judol ya bapak ibu komdigi,,,@tanyarlfes,"Replies: , Retweets: , Likes: 2",0
@rizal_septyan,"Komdigi ngurus beginian cepet banget ya ? Giliran ngurus yang lain seperti judol, akses internet cepat dll lambat banget. ",,,@safenetvoice,"Replies: , Retweets: , Likes: ",0
@gimbot75,"Models like this one are what Komdigi handles swiftly.  
Try judol instead ",,,@tanyarlfes,"Replies: 1, Retweets: , Likes: 2",0
@marvelle_danny,"So damn good KOMDIGI 

When it's the turn of Judol sites, there are just tons of excuses .....",,,@kumparan,"Replies: 1, Retweets: 2, Likes: 16",1
@intinyadeh,"#intinyadeh Komdigi ancam blokir Wikimedia Foundation (termasuk Wikipedia & Wikimedia Commons)

Peringatan terakhir 15 Apr, klo gak daftar PSE dlm 7 hari, akan diblokir.

Netizen protes keras krn anggap Komdigi akan blokir akses thd pengetahuan, sementara web judol merajalela.",,,@tempodotco,"Replies: 39, Retweets: 940, Likes: 2.6K",0
@kompascom,"Baca selengkapnya: 
https://
nasional.kompas.com/read/2026/05/1
5/07490341/generasi-muda-dalam-bidikan-judol-hampir-200000-anak-indonesia-terpapar-masa?utm_source=twitter&utm_medium=social
…

Ancaman judi online (judol) terhadap anak-anak di Indonesia semakin nyata. Menkomdigi Meutya Hafid menyebut hampir 200.000 anak sudah terpapar judol, bahkan ada yang masih berusia di bawah 10 tahun.

~MS #komdigi #anak #indonesia",,,,"Replies: 1, Retweets: 2, Likes: 5",0
@Dpram_Back,"Itulah judol !!! 
Knp juga pemerintah tak bisa berkutik dgn aplikasi judol itu
Sangat mengherankan kan
Ada"" komdigi.""
Tapi kek tutup mata. 
Dagelan!!!",,,@Gendoet3G,"Replies: 2, Retweets: 1, Likes: 2",0
@xLanglangBuana,"Sampai hari raya kuda sekali lagi, judol nggak bisa diberantas sama Komdigi. Kehebatan Komdigi langsung hilang berhadapan dengan duit dari bandar.",,,@kurawa,"Replies: 1, Retweets: 4, Likes: 34",0
@akademicryptoid,"The Ministry of Communication and Digital Affairs (Komdigi) has officially blocked access to the Polymarket website in Indonesia, as it is deemed to constitute online gambling practices (judol) packaged as a prediction market.",,,,"Replies: 9, Retweets: 1, Likes: 25",0
@SoundOfYogi,"JUDOL LAGI GAES GARA2NYA

Komdigi malah sibuk blokir wikipedia

Tolol apa tolol itu mentri2nya si dakocan dementia?",,,@destipra22,"Replies: 2, Retweets: 7, Likes: 81",0
@HisWeihunqi,"Ordal Komdigi bukannya blokir judol malah ngegrooming via Vtuber  

Emang bener gw tinggalin itu hobi karena faktor U.",,,,"Replies: , Retweets: , Likes: ",0
@txtdaritaxpayer,"Well, Komdigi can block the Polymarket gambling website.

Why do gambling sites still keep popping up to this day?",,,@kumparan,"Replies: 177, Retweets: 1.7K, Likes: 4.2K",0
@bangherwin,"Kenapa Komdigi cepat sekali men-takedown video Amien Rais…

Tapi lambat menyentuh video hoax Ade Armando dkk?
Dan tutup mata soal iklan judol yang tiap hari lewat di timeline?

Penegakan aturan ini berdasarkan hukum…
atau siapa yang sedang berbicara?",,,,"Replies: 36, Retweets: 173, Likes: 320",0
@bakuldimsum_,Komdigi kontol giliran ngurusin Teddy cepet bener. Urusin tuh judol nyet,,,@Piyusaja2,"Replies: , Retweets: , Likes: 10",0
@dimzsky_,"Saran gua Komdigi berubah nama aja jadi Kementerian Penerangan. Komdigi cuma melindungi wibawa pemerintah di ruang digital, sementara keamanan data warga, hak atas informasi, pemerataan akses internet, dan perlindungan dari kejahatan judol serta pinjol ilegal, gak pernah dijamin.",,,@KapudS640,"Replies: 1, Retweets: 371, Likes: 829",0
@_cenk90E,"Sarapan Pagii di hari senin ini ko ribet banget sih, beli kue Bugis yang jual lagi cebok, nyari kue dodol yang jual lagi gila judol, semoga lekas bangun bung, inget itu dilarang komdigi katanya ",,,,"Replies: , Retweets: , Likes: 1",0
@kompascom,"Baca di sini: 
https://
nasional.kompas.com/read/2026/05/1
5/13045661/200000-anak-terpapar-judol-anggota-dpr-pemblokiran-saja-tak-cukup?utm_source=twitter&utm_medium=social
… 

Anggota Komisi VIII DPR RI, Dini Rahmania menilai penanganan judi online yang kini menyasar anak-anak tidak cukup hanya lewat pemblokiran situs karena praktik judol terus bermunculan dengan berbagai cara baru.

~IQ #Komdigi #DPR #anak",,,,"Replies: 1, Retweets: , Likes: 2",0
@brightlyweb3,Kalo bs sampe take down videonya amin rais hrsmya komdigi bs nutup akses bandar judol dong. Kalo website doang mah hacker juga udah bs,,,,"Replies: , Retweets: , Likes: ",0
@PR_Kuningan,"Generasi Cemas! Menkomdigi Ungkap 80 Ribu Anak Usia di Bawah 10 Tahun Sudah Terpapar Judi Online 
https://
kuningan.pikiran-rakyat.com/lifestyle/pr-5
310209907/generasi-cemas-menkomdigi-ungkap-80-ribu-anak-usia-di-bawah-10-tahun-sudah-terpapar-judi-online
… 
#judionline #judol #komdigi #pikiranrakyatkuningan",,,,"Replies: , Retweets: , Likes: ",0
@wdwidaa,"Komdigi stress ya kamu?! Threads sama ig dibungkam, judol dipelihara. Kekal di neraka kek lu² pada ",,,,"Replies: , Retweets: , Likes: ",0
@HisyamMochtar,"Komdigi gercep banget jika yang terganggu itu kekuasaan. Itu artinya sebenarnya secara teknis bisa memblokir judol, pinjol ataupun  melindungi data warga. Apa karena membantu rakyat ga ada untungnya?",,,,"Replies: 11, Retweets: 30, Likes: 64",0
@alfatih212426,"Fakta emak² lebih efektif hajar para bandar dan judol daripada oknum aparat mayoritas pengayom bandar dan judol Komdigi malah dukung bunda Teddy blokir konten Amin Rais . Gak blokir situs judol   
https://
facebook.com/share/r/1CvdrN
wQtb/
…",,,,"Replies: , Retweets: , Likes: ",0
@fransis74201222,"KOMDIGI  BUKAN  URUSIN  JUDOL., URUSAN   PENDAPAT ORANG . KAN MENGELUARKAN PENDAPAT  DI LINDUNGI  OLEH UNDANG - UNDANG   JANGAN  GITU DONG  MISS KOKOM..",,,@tribunnews,"Replies: , Retweets: 1, Likes: 1",0
@noorriansjah,"Instagram gabisa komen, repost, sharepost. Komdigi ini canggih cuy bisa kondisiin Instagram begitu. Tp ko gabisa blokir akun promosi judol di ig, YouTube dan platform lain? unik.",,,,"Replies: , Retweets: , Likes: ",0
@TirtoID,Komdigi Blokir Situs Polymarket Karena Terindikasi Judol,,,,"Replies: 1, Retweets: , Likes: 1",0
@KompasTV,"Komdigi Sebut 200 Ribu Anak Terpapar Judol, Anggota DPR: Merusak Mental, Pemeritah Tak Boleh Diam",,,,"Replies: , Retweets: 1, Likes: 5",0
@PicalG,"Eh, di trending topic ada kata judol muncul. Setelah ditelusuri, oalah ternyata ini penyebabnya.
Memang betul sih, komdigi jangan banyak manuver dulu kalau masalah judol gak kelar-kelar.",,,,"Replies: , Retweets: , Likes: ",0
@officialbitv,"OJK Blokir 33.836 Rekening Judi Online, Upaya Berantas Transaksi Ilegal Terus Diperkuat


https://
bitvonline.com/nasional/68819
/ojk-blokir-33836-rekening-judi-online-upaya-berantas-transaksi-ilegal-terus-diperkuat/
…

#JudiOnline #Judol #OJK #RekeningJudol #PemblokiranRekening #Komdigi #PerbankanIndonesia #KeuanganIndonesia #PemberantasanJudiOnline #Bitvonline",,,,"Replies: , Retweets: , Likes: ",0
@glowinbeautyy,"Komdigi kata gue mah mending lu berantas judol, daripada ngurusin sosmed warga. Astagfirullah ",,,@tempodotco,"Replies: 2, Retweets: , Likes: 2",0
@Ari3Pras,"Daripada ngurusin aki2 sepuh, mending kalian take down situs2 JUDOL, PINJOL, dan bereskan operator curang perampok sisa kuota internet kadaluwarsa!

Optimalkan kapasitasmu 
@kemkomdigi


Komdigi Tegaskan Takedown Video: Bukan Serang Amien Rais, Tapi soal Hoaks dan Ujaran Kebencian",@kemkomdigi,,,"Replies: , Retweets: 4, Likes: 6",0
@MariaAlkaff_,"I got a love letter from X, saying that X received a report about my post that's currently being highlighted by Komdigi.

Alright, rather than my account getting suspended, I deleted that post...

Just the writings from someone like me are already troubling Komdigi.
Do gambling",,,,"Replies: 34, Retweets: 32, Likes: 120",0
@adoraboul,"Kenalan aku, kerjanya judol, sekarang punya utang puluhan juta. Minjem duit 200, alasannya nyari sponsor karena mau nyalonin jadi ketua BEM. Anj, ancur dah itu kampus.",,,,"Replies: 1, Retweets: , Likes: ",0
@1995Escape,"Komdigi makes a gambling site: 

Komdigi makes a protest action: 

These damn jerks really deserve to rot all the way to their grandkids' grandkids",,,@indepenSumatera,"Replies: , Retweets: , Likes: ",1
@GuitarsCute,"dan biasanya orang kejebak judol tuh jual barangnya murah yang penting ada duit buat depo, jadi kalau punya temen kejebak judol temenin , siapa tau dapet barang murah ,bagus dibawah harga pasar",,,@myshawti,"Replies: , Retweets: , Likes: 1",1
@jaepriss,"Episode ini tentang judol njir, kementrian pendidikan aja bisa kerja sama breng kementrian hukum dan komdigi untuk bisa hukum pelaku judol sama blokir itu situs. Tapi lagi2 ngarep apa di indonesia, akan selalu jadi mimpi basah wni 
#TeachYouaLessonEp7",,,,"Replies: , Retweets: , Likes: 1",0
@vasagoburn1,Gila lo ya komdigi / cyber crime polri . Tiba2 banget facebook ma ig ga bisa diakses padahal cmn disana info soal demo hari ini . Berantas situs judol turu terus kerjaan e,,,,"Replies: 1, Retweets: , Likes: ",0
@petricoers,"damn.... even the ones with color get hit too...... judol's handling it, fuck, komdigi",,,@xnghancity,"Replies: 1, Retweets: 3, Likes: 12",1
@xLanglangBuana,"Kim Jong Wo sudah mengerahkan pasukan setan Komdigi untuk memblokir media yang digunakan rakyat untuk mobilisasi.

Yang nggak bisa dilakuin Komdigi Asu dan Prabowo adalah memblokir Judol.",,,@kumparan,"Replies: , Retweets: , Likes: ",0
@nyonyamlyn,Komdigi ato kominfo kerjaannya ngapain anjir. Lagi enak enak main candy crush iklannya judol. Bahkan adzan ashar belum ini woy,,,,"Replies: , Retweets: , Likes: ",1
@lalavie_enrose,"Komdigi kalo urus beginian cepet banget, kalo judol gak diurus.. stupid",,@bakuldimsum_,@haixensen,"Replies: , Retweets: , Likes: ",0
@onrambled,"You're so awesome, 
@kemkomdigi
, but it'd be even more awesome if you could wipe out judol and illegal pinjol ",@kemkomdigi,,,"Replies: , Retweets: 1, Likes: 1",0
@Jochard_Baby,"Last week, I felt mentally drained, physically exhausted, and spiritually distant. I became so overwhelmed that I barely made time to talk to God or even offer a simple prayer of praise. But I'm slowly finding my way back to Him 

KUMUSTA KA JODINATICS
#KUMUSTA #JuneisForJODI",,,@JodinaticsOFCL,"Replies: 1, Retweets: , Likes: 1",0
@gyumirae,"Bahkan mereka juga masukin concern terbesar untuk semua rakyat di dunia, yaitu judol  mereka remind ke penonton kalau judol itu ga cuma mempengaruhi orang dewasa aja, tapi juga bisa menjamur ke anak” yang masih mudah banget dipengaruhi dan betapa bahayanya itu utk semua usia",,,@tanyarlfes,"Replies: , Retweets: , Likes: ",0
@Capitalisborju,"Komdigi kemana nih kerjanya... Atau lagi panen raya slot Judol piala Dunia..... 

Hayooo   kamu ketahuan...",,,,"Replies: , Retweets: , Likes: ",0
@coma_77_,"@유디트야진실의방으로가서대화를해보라고했더니감금시킨거니?

ㄹㅇ오푸스랑젬이오잘못교미시킨거같다",,,@9sal_ap,"Replies: , Retweets: , Likes: 1",0
@girlwithjudtae,"WOT IS THISSSSSSSSS HELPPPPPPP HAHAHAHAHAHAHAHAHAHAHAHAHAHAHAHAHAHAHAHAHAAHAHHAHAHAHHHAHHAHH



NUNEW X GDH ORCHESTRA
#GDHโตมาด้วยกันคอนเสิร์ต

~ᰔᩚ #NuNew 
@CwrNew",@CwrNew,,@TeamSupportNNew,"Replies: , Retweets: , Likes: ",0
@RadioMega1,"»Vsakemu Judu je dovoljeno uporabljati laži in krivo prisego, da bi Nejuda pripeljal v pogubo.« (Bhabha Kamma 113a).
Še posebej, ko so to ključne naloge v Policiji in Pravosodju vseh 35 let",,,@avrelij5848475,"Replies: , Retweets: , Likes: ",0
@DoguErgildogu,"He was only eighteen years old. His weapon of choice was not a pistol, but a small vial of acid. And yet this young boy managed to save fourteen thousand lives from inevitable death.

In 1943, Paris was a dark place under Nazi occupation. Adolfo Kaminsky was a young apprentice",,,@nettermike,"Replies: 6, Retweets: 20, Likes: 74",1
@IsmiMaulidyati,"akhirnya pake nama ""Detective Conan"" bukan ""Case Closed"" lagi  dan nama² karakternya pakai nama Jepang ""Kudo Shinichi"" bukan pakai nama English ""Jimmy Kudo"" ",,,@VIZMedia,"Replies: 2, Retweets: 1, Likes: 23",0
@Kazunori_Komoda,"本日 “銀行業務検定試験　融資推進３級” に合格しました。引き続き、勉強がんばります

すべて、yuiさん 
@yui_vlog
 のおかげです

（Profile 更新 
https://
office-komoda.jp/komoda-profile/ ）",@yui_vlog,,@Kazunori_Komoda,"Replies: , Retweets: , Likes: 1",0
@ryujinwha36220,"Web bngst, komdigi ngapain sih. Judol kek tai asli, pop up iklan kek GK ada ads lain. Film bisa, game bisa, channel youtub bisa. Kenapa harus judol sih bngsd, anjng bngt. Hidup cmng sekali, yg bener kek ngejalanin hidup. Sok berkuasa bngt emng lu tuhan?, tuhan aja GK SE npd itu",,,,"Replies: , Retweets: , Likes: ",0
@JinLong_4869,"Mira ""Lucha de Hermanos"" de Imdugud MutuDinjir, creado en 
@KomikoAI
!

#ArteAI #AnimeAI

https://
komiko.app/s/8AHSAw",@KomikoAI,,,"Replies: , Retweets: , Likes: ",1
@JodinaticsOFCL,"Ang simple lamang ng tanong, pero ang hirap ilagay sa isang post ang sagot 

Let us send lots and lots of love for our birthday girl 
@JodiStaMaria
 in the comments. What other way to relay our JODInatics–kind-of-kumusta than love, love, love 

KUMUSTA KA JODINATICS",@JodiStaMaria,,,"Replies: 1, Retweets: 4, Likes: 5",1
@kdrama_menfess,"•kdm•  Teach You A Lesson

Instead of sleeping, you went and played judol until morning, lost a million won lolololol Serves you right, who told you to ",,,,"Replies: 52, Retweets: 139, Likes: 1.4K",0
@RiauNewsOnline,"Tak Lolos Seleksi di Komdigi AK Malah Kendalikan Pemblokiran Judol di Komdigi, Polisi Dalami Bekingannya - Riaunews 
https://
riaunews.com/hukum-kriminal
/tak-lolos-seleksi-di-komdigi-ak-malah-kendalikan-pemblokiran-judol-di-komdigi-polisi-dalami-bekingannya/
…",,,,"Replies: , Retweets: , Likes: ",0
@regitajen,"Ada user nelpon cs, awalnya kena tipu. Terus akunnya diretas. Eh penipunya ikut bikin laporan juga. Panjanglah drama di email. Tim terkait minta beberapa data buat bukti tambahan. Si korban marah-marah karena ada uangnya. Pas dicek tu uang masuk dari hasil judol.",,,,"Replies: 1, Retweets: , Likes: ",0
@strategi_id,"DHUAAAR!!
Ternyata Tersangka AK atau Adi Kismanto pernah ikut test seleksi tenaga pemblokiran di Komdigi dan hasilnya tidak lolos, namun tetap dipekerjakan disana dengan  status memliki wewenang pemblikiran situs judol

#kondigi #tersangka #strategiid",,,,"Replies: , Retweets: , Likes: ",0
@adaditaa,"komdigi apa ga bisa ya analisis masalah dan ngasi solusi sampai ke akar (?) SMS IMBAUAN— efektivitasnya berapa persen kalo dibandingkan sama pemblokiran situs judol, rekening judol.",,,@tempodotco,"Replies: 1, Retweets: , Likes: ",0
@bontang_barat,"https://
news.detik.com/berita/d-76173
16/pegawai-komdigi-tak-jalankan-pemblokiran-situs-judi-online-terus-terusan-lolos
…

https://
news.detik.com/berita/d-76173
16/pegawai-komdigi-tak-jalankan-pemblokiran-situs-judi-online-terus-terusan-lolos
…

Polda Metro Jaya menyatakan judi online (judol) masih merebak salah satunya karena tidak berjalannya pemblokiran.",,,,"Replies: , Retweets: , Likes: 2",0
@nameItAllSarah,"https://
metro.tempo.co/read/1936374/p
egawai-kementerian-komdigi-lindungi-situs-situs-judi-online-dari-pemblokiran-dpr-kelemahan-internal
…
pengkhianat ya begini, berapa byk anak bangsa hancur gegara judi online, RT berantakan, bunuh diri, sampai kejahatan meningkat krn candu judi online, bener2 bencana nasional dan dibalik itu ada yg punya source basmi blokir situs judol malah main 2 kaki",,,,"Replies: , Retweets: , Likes: 1",0
@SujatmikoAnjar,Rekening terindikasi Judol kini telah diblokir #BCA #Komdigi #Judol #PemberantasanJudol,,,,"Replies: , Retweets: , Likes: ",0
@ajimit,"Apapun kalian lakukan kecuali berantas judol dan pinjol ya, 
@kemkomdigi
 ?

Kalo gue dapet juga, berarti kalian telah mengkonfirmasi ""membungkam"" kritik terhadap pemerintah, yang jelas melanggar pasal 28 UUD 1945 tentang ""Kebebasan Berpendapat"".",@kemkomdigi,,@linxxxc_,"Replies: , Retweets: , Likes: ",0
@Lampu_Merah29,"setuju banget, karena mau tak mau wajib daftar pse. disisi lain, komdigi justru malahan ancam blokir tp tdk memberikan solusi+pemblokiran judol tdk efektif.",,@idwiki,@yayan550,"Replies: 1, Retweets: , Likes: ",0
@officialbitv,"200 Ribu Anak Terpapar Judi Online, DPR Desak Penanganan Lebih Serius dari Sekadar Pemblokiran


https://
bitvonline.com/nasional/67061
/200-ribu-anak-terpapar-judi-online-dpr-desak-penanganan-lebih-serius-dari-sekadar-pemblokiran/
…

#JudiOnline #Judol #AnakIndonesia #DPRRI #MeutyaHafid #DiniRahmania #Komdigi #InternetSehat #PerlindunganAnak #LiterasiDigital #bitvonline",,,,"Replies: , Retweets: , Likes: ",0
@purplleseokjin,"Oalah pemerintah ajg, pantesan gue buat story ig ga bisa, ternyata lagi dibatasin. padahal ga ada bahas demo tapi tiba2 ga bisa upload dan ilang gitu aja, lagian akun gue juga gembokan jirrr. Giliran judol aja susah bener lu pada blokirnya. F U ",,,,"Replies: , Retweets: , Likes: ",0
@EICom2023,"Fakta baru dikuak oleh Polda Metro Jaya di balik kasus pegawai Kementerian Komunikasi dan Digital (Komdigi) yang seharusnya memblokir judi online, tapi malah melindungi dan meraup keuntungan dari 1.000 situs.",,,,"Replies: , Retweets: , Likes: ",0
@hope_emak,"Komdigi bisanya urus pemblokiran Live Tiktok, kalo urusan Bolkir situs Judol sama lacak akun fufufafa ya mana bisa 
 
https://
x.com/kunaouneta/sta
tus/1962893927696282078/video/1
…",,,,"Replies: , Retweets: 1, Likes: 2",0
@NgkongRoses,"Dari sini tau kan kalau Komdigi tidak punya niatan serious terkait pemblokiran judol?

Why?",,,@KangManto123,"Replies: 6, Retweets: 7, Likes: 20",0
@sigitwid,"Terlepas dari adanya orang dalam Komdigi yang diduga terlibat dalam kegiatan judol dan sangat perlu untuk diungkapkan, saya sebetulnya jusru ingin menyoroti bahwa pemblokiran sebetulnya bukan solusi efektif untuk memberantas judol, min.",,,@PartaiSocmed,"Replies: 2, Retweets: , Likes: 1",0
@goinkrezi,Bajingan kalian. Bukannya ngurusin judol malah blokade instagram,,,,"Replies: , Retweets: , Likes: ",0
@CleonChuu,"Terimakasih atas kesadarannya buk. Menurut data yang diberikan oleh Komdigi saat awal menjabat, sudah banyak situs judol yang diblokir oleh Komdigi. Namun kenapa masih ada situs web judol yang terus membanjiri sosial media kami? Kami sudah lapor kok. Apakah pemblokiran tak lagi?",,@tempodotco,,"Replies: , Retweets: , Likes: ",0
@mediaindonesia,"Sebagai Komandan Pemblokiran Judol Budi Arie Harus Bertanggung Jawab

Rakyat  di negeri ini telah melarat karena candu judi online. Kasus melindungi judo online oleh para pegawai Kementerian Komunikasi dan Digital (Komdigi) menjadi momentum untuk memberangus ekosistem judi online",,,,"Replies: 1, Retweets: 1, Likes: 1",0
@chokoreeto_milk,ig eror karena sedunia emang lg bgitu apalah inilah. WOY GABISA GA SUUDZON SAMA PEMERINTAH YA ORANG CCTV AJA BISA DIMATIIN SM MEREKA. blokir situs judol aja yang ga mereka lakuin,,,,"Replies: , Retweets: , Likes: ",0
@detikcom,Terungkap! Ternyata judi online masih merebak karena salah satunya ada oknum pegawai Komdigi yang malah tidak memblokir 1000 situs judol.,,,,"Replies: 22, Retweets: 18, Likes: 27",0
@jaenosuh,"blokir demo bisa blokir judol pinjol gabisa 
https://
x.com/chaominjun/sta
/chaominjun/status/2065458210442727845
…",,,,"Replies: , Retweets: , Likes: ",0
@bakuldimsum_,"Jadi gini kak..
Katanya takut uangnya dipake bapaknya buat judol atau dipake ibunya buat beli yg macem2.
Padahal mah kalo ga mau bapak2 judol tinggal blokir aja ",,,@tbhajel,"Replies: 1, Retweets: 2, Likes: 7",0
@detikinet,"Masih Ada Anak Masuk Platform yang Sudah Diblokir, Ini Kata Komdigi",,,,"Replies: , Retweets: , Likes: 1",0
@_chungmyung,"Sekarang beneran ribut wkwkwkwk gw block semua akses 
Ga percaya sih gw bilang gw gapernah takut cut off orang even yang deket sekalipun.
Good luck deh seminggu kedepan. Untung ketemu lagi masih november",,,@_chungmyung,"Replies: , Retweets: , Likes: ",0
@JuhoonPoyoyoi07,"Gila ya, candaan image kotor dll ke jju terus dengan entengnya ngomong  'yaelah cuma jokes' coba dijadikan jokes nya ke fav loh. Giliran ditegur malah merasa playing victim bangke banget itu orang, jujur jokes nya cringe najis.",,,@juhoonbro,"Replies: , Retweets: , Likes: 1",0
@tempat_ngeluh,"Giliran blokir judol sama pinjol ilegal aja malah menghilang ni lembaga, kocak.",,,@mufinsp,"Replies: , Retweets: , Likes: ",0
@markzzhyuk,"LU AJA GA BUKA DM BLOK, CAPEK DEHH GUE BLOKIR AJALAH. MAKIN MENJADI JADI ORANG BIADAB KAYAK GNI",,@markzzhyuk,@rythmzea,"Replies: , Retweets: , Likes: ",0
@YudhaShanny2,"""Kenapa calon penerus bangsa diblokade?""
Terdengar suara lantang dari seorang ibu di tengah aksi mahasiswa. 
Tanpa mewakili siapa pun, ia hadir sebagai orang tua yang menuntut jawaban: Mengapa akses mahasiswa dipagari polisi? 
@ListyoSigitP

Apakah suara mereka begitu menakutkan?",@ListyoSigitP,,,"Replies: , Retweets: 1, Likes: 1",0
@Farhanaayuptr,komdigi keren sudah blokir seword yang bikin resah,,,,"Replies: , Retweets: , Likes: ",0
@susan_amelia46,"sial di radio judol tdk bisa jual puki busuk kau ya. Tdk ada mau ngentot kau. Bahkan kau emang lonte ya, tdk mau berteman dgn penyiar² cwe radio judol. Lebih suka berteman lonte² penyiar² radio najis utk modus ngentot dgn cwo tolol. Krn tau cwo tolol bisa kau manfaatkan utk",,,,"Replies: 1, Retweets: , Likes: 7",0
@golkarpedia,"200 RIBU ANAK TERPAPAR JUDOL, MENKOMDIGI MEUTYA HAFID AJAK MASYARAKAT JADI GARDA PENCEGAHAN

#partaigolkar #golkarpedia #bahlillahadalia #meutyahafid #judol",,,,"Replies: , Retweets: 3, Likes: 4",0
@susipudjiastuti,"Unfortunately, right now there are so many baby lobster catcher lights that are making the fish and shrimp catches, which should be plentiful, nonexistent. Many fishermen's cooperatives (KUD) have already shut down because there are no catches. Even though now is the season for",,,@GNFI,"Replies: 1, Retweets: 9, Likes: 10",0
@reenfed,"Masalah utama disetiap program pemerintah adalah mafia dan koruptor di dalamnya

Jadi Point pentingnya MENUNTUT UU HUKJMAN MATI atau PERAMPASAN ASSET KORUPTOR

Karena di internal pemerintah juga sdg tjd perang antara Pro dan Kontra UU tsb",,@menbrrr,,"Replies: , Retweets: , Likes: ",0
@jikyu_mate,giliran di demo rezimnya pada kerja. Itu urusin juga situs judol dan pinjol ilegal. Jangan makan gaji buta yagesya,,,,"Replies: , Retweets: , Likes: ",0
@sejiyt,"Once it can be used for school admission pathways, there are requirements that must be met: all existing medals and certificates must be handed over to the school. Later, when the child enrolls and actively participates in competitions, things like operational funds/competition",,,@INDOSPORCLE,"Replies: 2, Retweets: 1, Likes: 2",0
@shda_agatha_,"Opinion.

The act of killing in Joshua's work is not merely a work of humanitarian art.

That film slowly operates as an instrument of information warfare, & global-level psychological operations.

An effort to dismantle the myth of our nation's founding.

From the beginning",,@HistorylandHQ,@7czs5,"Replies: , Retweets: 1, Likes: ",1
@fauzaanatmaja,"untung kemarin demo di jogja ada yang nyediain trashbag dan pada buang sampah ke tempatnya. jadi ga kena framing aparat keparat. 

mana kemarin ada yg bilang ntar diframing buang sampah sembarangan sama isilop, mana bener lagi.",,,@leooooo00000o,"Replies: , Retweets: , Likes: 1",0
@teazzitea,"Who the heck is the girl who doesn't want Jeno??? Guys want him too  

The government, if they don't wanna delete MBG, should make an extra program: 1 person 1 Lee Jeno. 

YOU'RE SO HANDSOME LEE LEE",,,@aijiyw,"Replies: 1, Retweets: 1, Likes: 2",0
@WatchPms,"Program ugal ugalan...
Yang makan pahit siswa yang gemuk pejabat... terbukti sudah!
Stop Mbg Kopdes dan Danantara karena korupsi dan tidak ada keterbukaan!!! Nuansa militeristik paksa! 
@prabowo
 
@Gerindra

Hari Sabtu bening #demo piala dunia","@prabowo, @Gerindra",,,"Replies: , Retweets: , Likes: 1",0
@CiptaBuana_,"Lu belum tahu aja, kebanyakan rakyat Indonesia main JUDOL. Kalau salah sasaran, negara cuman TOP-UP ""dana"" ke pelaku JUDOL

Cc: 
@ardisatriawan",@ardisatriawan,,@ardisatriawan,"Replies: , Retweets: 1, Likes: ",0
@Ichisatssuga,"Aslinya masih BANYAK BANGET. Apalagi masih banyak mereka yang mengatasnamakan agama untuk memanipulasi perempuan & anak² (terutama). 
Pernikahan usia dini dengan dalih ngehindari zina? Menyalahgunakan nikah siri? Penyalahgunaan dalil poligami? 'Pesantren'² bermasalah, apakabar?",,,@hist0riann,"Replies: 1, Retweets: , Likes: 2",0
@johnkecops,"Coy, Las Vegas Jud*l FC mah ikutin pesanan bohir aja kok. Mereka cuma bikin ""misi penyelimitin"" persulit tim yang gak favorabel di pasar taruhan. Oficial (e.g. wasit) yg lurus juga dipersulit. Simpel & gak perlu analisis politik luar negeri mendakik-dakik ",,,@ssbmasmas,"Replies: , Retweets: , Likes: ",0
@panglimagurau,Ini kriminal sih bukan bandel tapi aku pernah menangani siswa yang terafiliasi sama judol dan dia bikin satu sekolahnya kecanduan judol itu. Sampai-sampai temannya yang gabisa bayar hutang judol itu diculik dan dijadikan sandera. ,,@ANGKARASEWU,,"Replies: , Retweets: , Likes: ",0
@lildaisyyyy_,"Lagi nonton ini, dan jujur gua iriii anjg pemerintahnya merjuangin soal pendidikan yg lebih baik sampai ngebentuk tim khusus buat benerin bobrok2nya di setiap sekolah. Pas nonton ini jujur langsung kepikiran konoha ini njir wkwk",,,@peaxhtherapy,"Replies: , Retweets: , Likes: ",0
@tekarok007,"Pemilik percetakannya itu pinter, bahkan lebih pinter dari mahasiswa yang demo-demo itu.

Mengapa?
Karena Banner darurat itu bukan penghinaan ke Presiden dan ini UU belum berlaku.

Tapi sekarang UU no 1 tahun 2023 KUHP soal penghinaan terhadap Presiden dan Wakil Presiden sudah",,,@TijeKoridorUI,"Replies: , Retweets: , Likes: ",0
@CaroliteM1197,"YEE.!!!  PAHLAWAN RAKYAT  MAU DI KANDANGIN.? SALAH NYA APA ? BUKTIKAN DULU IJASAH NYA JOKO ASLI  GAK ?  DUNIA PENDIDIKAN RUSAK PARAH. KARENA IJASAH FALSU, BUBAR  ITU UNIVERSITAS GENERASI  MUDA TIDAK MAU SEKOLAH. PERLAKUAN TIDAK ADIL  ITU BER ARTI HUKUM INDONESIA SUDAH MATI ",,,@geloraco,"Replies: , Retweets: 1, Likes: 1",0
@Mallikaa_1,"Gus semacam ini bukan “guru ruhani”, tapi bagian dari rezim yang menjinakkan manusia. Ia tidak mengajak rakyat menjadi merdeka, berani, dan berpikir; ia justru merawat mental budak: patuh, manut, nrimo, lalu menganggap semua bentuk ketidakadilan sebagai takdir yang harus diterima",,,@merapi_uncover,"Replies: , Retweets: , Likes: ",0
@beatkarbu2008,"Ngga kak, krn konsepnya ada aturan dan ada punishment.. orang ga akan dipunish jika tdk melanggar aturan.. misal nih yg paling diketahui bnyk orang, jika ada yg mencuri maka hukumannya potong tangan, bayangkan jika aturan itu ditegakkan maka dunia damai ga ada maling/jambret ",,@anakdesalagi,,"Replies: 1, Retweets: , Likes: ",1
@JenarKidjing,"- deket kamp ada kasu penembakan
- peralatan latihan ditilep
- peringatan tornado

calon juara banyak halangannya",,,@thejurgenholic,"Replies: , Retweets: , Likes: ",0
@berjingkat,"Berdehem sedikit, supaya suaranya bisa di-kawaii-kawaii-kan. 

“Okaerinasaimase, Goshujin-sama!” (˶ˆᗜˆ˵)

Junaedi menyambut sambil melebarkan rok. Malu dikit. 

“Mari Junaedi antarkan ke meja.” Sudah ikut saja.",,@crownlessdawn,@to_thineownself,"Replies: 1, Retweets: 2, Likes: ",0
